Slope,Intercept,R2,LD,LQ,LD_1mL,LQ_1mL,Species
205.36415840375372,6.503649066501552,0.9988112380417402,26.74170687193104,89.1390229064368,0.1618848984985538,0.4657223184237496,N2O
203.69773252856822,14.433710326224109,0.9986162458152538,2.780784833215416e-4,9.26928277738472e-4,0.07085983837686112,0.07086302373286073,CH4
208.5491854045199,7422.8924300032095,0.9987069873555598,0.604633197821931,2.01544399273977,35.59590534387262,35.60267022666121,CO2
